filename, label
bollard_11.jpg, Not Austrian Bollard
bollard_12.jpg, Austrian Bollard
bollard100.png, Austrian Bollard
bollard_13.jpg, Not Austrian Bollard
bollard_77.jpg, Not Austrian Bollard
bollard_79.jpg, Not Austrian Bollard
bollard_80.jpg, Not Austrian Bollard
bollard_81.jpg, Not Austrian Bollard
bollard_83.jpg, Austrian Bollard
bollard_85.jpg, Not Austrian Bollard
bollard_87.jpg, Not Austrian Bollard
bollard_89.jpg, Not Austrian Bollard
bollard_91.jpg, Not Austrian Bollard
bollard_93.jpg, Not Austrian Bollard
bollard_96.jpg, Not Austrian Bollard
bollard_97.jpg, Not Austrian Bollard
bollard_99.jpg, Not Austrian Bollard
bollard_147.jpg, Not Austrian Bollard
random1.png, Not Austrian Bollard
random2.png, Austrian Bollard
random3.png, Not Austrian Bollard
random4.png, Not Austrian Bollard
5.png, Not Austrian Bollard
r6.png, Austrian Bollard
random7.png, Austrian Bollard
random8.png, Austrian Bollard
random9.png, Austrian Bollard
random10.png, Austrian Bollard
random11.png, Austrian Bollard
random12.png, Austrian Bollard
random13.png, Austrian Bollard
random14.png, Austrian Bollard
random15.png, Austrian Bollard
random16.png, Austrian Bollard
random17.png, Austrian Bollard
random18.png, Austrian Bollard
random19.png, Austrian Bollard
random20.png, Austrian Bollard
random21.png, Austrian Bollard
random22.png, Austrian Bollard
random23.png, Austrian Bollard
random24.png, Not Austrian Bollard
random25.png, Austrian Bollard
random26.png, Austrian Bollard
random27.png, Austrian Bollard
random28.png, Austrian Bollard
random29.png, Austrian Bollard
random30.png, Austrian Bollard
random31.png, Austrian Bollard
random32.png, Austrian Bollard
random33.png, Austrian Bollard
random34.png, Not Austrian Bollard
random35.png, Not Austrian Bollard
random36.png, Not Austrian Bollard
random37.png, Austrian Bollard
random38.png, Austrian Bollard
random39.png, Austrian Bollard
random40.png, Austrian Bollard
random41.png, Not Austrian Bollard
random42.png, Austrian Bollard
random43.png, Austrian Bollard
random44.png, Austrian Bollard
random45.png, Austrian Bollard
random46.png, Austrian Bollard
random47.png, Austrian Bollard
random48.png, Austrian Bollard
random49.png, Austrian Bollard
random50.png, Austrian Bollard
random51.png, Austrian Bollard
random52.png, Austrian Bollard
random53.png, Austrian Bollard
random54.png, Austrian Bollard
random55.png, Austrian Bollard
random56.png, Austrian Bollard
random57.png, Austrian Bollard
random58.png, Austrian Bollard
random58.png, Austrian Bollard
random59.png, Austrian Bollard
random60.png, Austrian Bollard
random61.png, Austrian Bollard
random62.png, Austrian Bollard
random63.png, Austrian Bollard
random64.png, Austrian Bollard
random65.png, Austrian Bollard
random66.png, Austrian Bollard
random67.png, Austrian Bollard
random68.png, Austrian Bollard
random69.png, Not Austrian Bollard
random70.png, Austrian Bollard
random71.png, Austrian Bollard
random72.png, Austrian Bollard
random73.png, Austrian Bollard
random74.png, Austrian Bollard
random75.png, Austrian Bollard
random76.png, Austrian Bollard
random77.png, Austrian Bollard
random78.png, Austrian Bollard